{
  "cfg": {
    "model": "F:\\agenticRCA\\agentic_RCA\\agentic_rca\\outputs\\reasoning\\rgat_time_min.pt",
    "device": "auto",
    "num_nodes": 400,
    "base_feat_dim": 16,
    "chain_len": 10,
    "seed": 7,
    "hidden": 128,
    "heads": 4,
    "dropout": 0.1,
    "time_dim": 8,
    "save_json": "F:\\agenticRCA\\agentic_RCA\\agentic_rca\\outputs\\reasoning\\infer_single.json"
  },
  "result": {
    "test_acc": 0.9624999761581421,
    "root_hit@1": 1.0,
    "root_hit@5": 1.0,
    "chain_jaccard": 0.9999999989999999,
    "pred_root": 44,
    "topk_roots": [
      44,
      204,
      307,
      375,
      96
    ],
    "topk_scores": [
      0.9955295920372009,
      0.5116413831710815,
      0.17765231430530548,
      0.10137034952640533,
      0.06800924241542816
    ],
    "chain_pred": [
      44,
      20,
      204,
      370,
      283,
      207,
      279,
      293,
      25,
      153
    ]
  },
  "true_root": 44,
  "true_chain": [
    44,
    20,
    204,
    370,
    283,
    207,
    279,
    293,
    25,
    153
  ]
}