{
  "cfg": {
    "epochs": 120,
    "lr": 0.001,
    "hidden": 128,
    "heads": 4,
    "dropout": 0.1,
    "time_dim": 8,
    "num_nodes": 400,
    "base_feat_dim": 16,
    "chain_len": 10,
    "seed": 7,
    "device": "cuda"
  },
  "result": {
    "test_acc": 0.9624999761581421,
    "root_hit@1": 1.0,
    "root_hit@5": 1.0,
    "chain_jaccard": 0.9999999989999999,
    "pred_root": 44,
    "topk_roots": [
      44,
      204,
      307,
      342,
      337
    ],
    "topk_scores": [
      0.9953804016113281,
      0.46555352210998535,
      0.19912946224212646,
      0.07194239646196365,
      0.05763554945588112
    ],
    "chain_pred": [
      44,
      20,
      204,
      370,
      283,
      207,
      279,
      293,
      25,
      153
    ]
  },
  "true_root": 44,
  "true_chain": [
    44,
    20,
    204,
    370,
    283,
    207,
    279,
    293,
    25,
    153
  ]
}