{
  "y": 3,
  "q": [
    0.8500000238418579,
    0.8973673582077026,
    0.8333333134651184
  ]
}